instagram,brand,message,language,note
example_brand_one,Demo Brand One,"Здравствуйте!

Ваш продукт вызывает симпатию. Я создаю презентации и сайты для бизнеса и брендов. Если вам когда-нибудь понадобится презентация бренда или коллекции, буду рада подключиться.

Если буду полезна — пишите.",ru,"demo"
example_brand_two,Demo Brand Two,"Hi!

I really like the product. I create presentations and websites for businesses and brands. If you ever need a brand or collection presentation, I’d be happy to collaborate.

If I can be useful, feel free to message me.",en,"demo"
